online,local_hour,free_sh_share,avg_eta_hours,city_area,hour,day_of_week,month,tariff_zone_abidjan,tariff_zone_lahore,tariff_zone_lima
49.0,2025-05-15 08:00:00,0.8788457170471143,0.2801036061862338,650,8,3,5,0,1,0
96.0,2025-05-07 23:00:00,0.6083021920676747,0.1896169833147069,400,23,2,5,1,0,0
21.0,2025-05-07 01:00:00,0.8490931094244906,0.2291775316070994,650,1,2,5,0,1,0
539.0,2025-05-19 10:00:00,0.2402104961438586,0.3602906985185466,400,10,0,5,1,0,0
651.0,2025-05-05 09:00:00,0.7606432650594566,0.3793106593004834,600,9,0,5,0,0,1
838.0,2025-05-06 11:00:00,0.7579874716152986,0.4464229098608371,600,11,1,5,0,0,1
249.0,2025-05-06 21:00:00,0.4720558595034976,0.2241330037766861,400,21,1,5,1,0,0
525.0,2025-05-20 09:00:00,0.3588417550182059,0.3784687167973056,400,9,1,5,1,0,0
24.0,2025-05-15 02:00:00,0.6289649314403591,0.1650157517946317,400,2,3,5,1,0,0
612.0,2025-05-11 18:00:00,0.7941362037860242,0.2532486768126293,600,18,6,5,0,0,1
47.0,2025-05-11 09:00:00,0.81294640565815,0.2587183970572997,650,9,6,5,0,1,0
14.0,2025-05-06 05:00:00,0.8818337856331037,0.1207527233115468,650,5,1,5,0,1,0
463.0,2025-05-18 23:00:00,0.9079127981397996,0.221644700197733,600,23,6,5,0,0,1
46.0,2025-05-04 02:00:00,0.6087060202218407,0.1834388313860791,400,2,6,5,1,0,0
586.0,2025-04-30 23:00:00,0.9192761813620256,0.2089500832482453,600,23,2,4,0,0,1
282.0,2025-05-07 01:00:00,0.9784727377825064,0.1418985070341659,600,1,2,5,0,0,1
118.0,2025-05-16 23:00:00,0.5432607218252717,0.2078625853792755,400,23,4,5,1,0,0
51.0,2025-05-03 01:00:00,0.633229443910836,0.1994971689921374,400,1,5,5,1,0,0
108.0,2025-05-18 22:00:00,0.4505563641575847,0.2149508726842315,400,22,6,5,1,0,0
123.0,2025-05-14 14:00:00,0.5135203898538239,0.3040473970621812,650,14,2,5,0,1,0
29.0,2025-05-04 08:00:00,0.8428174093673636,0.2817674690801662,650,8,6,5,0,1,0
277.0,2025-05-01 05:00:00,0.9824335906315332,0.2512342342342342,600,5,3,5,0,0,1
569.0,2025-05-07 09:00:00,0.3530511713475913,0.3442762570005925,400,9,2,5,1,0,0
671.0,2025-05-01 20:00:00,0.820830078175525,0.2006518466692108,600,20,3,5,0,0,1
656.0,2025-05-07 22:00:00,0.9023171850285584,0.2028409063126497,600,22,2,5,0,0,1
84.0,2025-05-20 21:00:00,0.5749954715288212,0.2825670501121563,650,21,1,5,0,1,0
574.0,2025-05-17 09:00:00,0.313592005396563,0.3479991289235351,400,9,5,5,1,0,0
299.0,2025-05-09 21:00:00,0.3656870086935011,0.247404876551952,400,21,4,5,1,0,0
754.0,2025-05-09 11:00:00,0.7284054904007103,0.4315449922334193,600,11,4,5,0,0,1
766.0,2025-05-10 16:00:00,0.6684105115795931,0.3347504291900479,600,16,5,5,0,0,1
615.0,2025-05-15 10:00:00,0.3026716356649448,0.3527844275387177,400,10,3,5,1,0,0
55.0,2025-05-05 09:00:00,0.8449810337349923,0.2749102334490007,650,9,0,5,0,1,0
101.0,2025-05-17 13:00:00,0.460657828432074,0.2938248466548369,650,13,5,5,0,1,0
239.0,2025-05-14 05:00:00,0.9743838966767492,0.1625095315904139,600,5,2,5,0,0,1
16.0,2025-05-15 03:00:00,0.9401063552114914,0.2226267664172901,650,3,3,5,0,1,0
662.0,2025-05-20 17:00:00,0.3135238643650634,0.3359726634890118,400,17,1,5,1,0,0
115.0,2025-05-12 03:00:00,0.9818149158577626,0.1445713083213083,600,3,0,5,0,0,1
274.0,2025-05-01 20:00:00,0.391876176065248,0.2405509581680123,400,20,3,5,1,0,0
719.0,2025-05-16 15:00:00,0.658143080514651,0.7615516505155309,600,15,4,5,0,0,1
17.0,2025-05-06 03:00:00,0.8526953206419787,0.2937248478602277,650,3,1,5,0,1,0
17.0,2025-05-03 02:00:00,0.8653153443935189,0.3014725814594741,650,2,5,5,0,1,0
561.0,2025-05-02 10:00:00,0.26817948216411,0.35931950295179,400,10,4,5,1,0,0
368.0,2025-05-11 06:00:00,0.94452019749127,0.3597137658180061,600,6,6,5,0,0,1
5.0,2025-05-09 05:00:00,0.8508631314697054,0.2041064732583382,650,5,4,5,0,1,0
736.0,2025-05-02 10:00:00,0.7636933333533398,0.3175952927411007,600,10,4,5,0,0,1
61.0,2025-05-20 10:00:00,0.7398987362759117,0.2856094287011926,650,10,1,5,0,1,0
297.0,2025-05-03 02:00:00,0.9770236570492006,0.1573222940226171,600,2,5,5,0,0,1
512.0,2025-05-08 19:00:00,0.3445831477446718,0.2943478969862317,400,19,3,5,1,0,0
70.0,2025-05-12 23:00:00,0.6948250395473563,0.244676,650,23,0,5,0,1,0
628.0,2025-05-05 12:00:00,0.6320256913864126,0.3214170680950014,600,12,0,5,0,0,1
63.0,2025-05-02 10:00:00,0.7495361187262939,0.268015566783414,650,10,4,5,0,1,0
580.0,2025-05-10 18:00:00,0.3144286866710972,0.3150975209465973,400,18,5,5,1,0,0
582.0,2025-05-12 13:00:00,0.2242094399233277,0.2993762972327131,400,13,0,5,1,0,0
103.0,2025-05-08 12:00:00,0.6263010182804682,0.2848407333049061,650,12,3,5,0,1,0
302.0,2025-05-04 14:00:00,0.3251216519117783,0.321297799374739,400,14,6,5,1,0,0
26.0,2025-05-02 04:00:00,0.4988149687277588,0.2569013875391426,400,4,4,5,1,0,0
148.0,2025-05-12 17:00:00,0.5682306696940843,0.3149356922662265,650,17,0,5,0,1,0
641.0,2025-05-16 12:00:00,0.2043259048344126,0.3225517993069757,400,12,4,5,1,0,0
597.0,2025-05-11 11:00:00,0.6850323813453051,0.3402917119096618,600,11,6,5,0,0,1
117.0,2025-05-03 15:00:00,0.4988136179432129,0.2964944687803922,650,15,5,5,0,1,0
803.0,2025-05-17 13:00:00,0.6408104044487507,0.342550671355061,600,13,5,5,0,0,1
184.0,2025-05-02 22:00:00,0.4489534265083321,0.2077054798323412,400,22,4,5,1,0,0
579.0,2025-05-10 00:00:00,0.9635242019168664,0.177950277280661,600,0,5,5,0,0,1
67.0,2025-05-10 00:00:00,0.6002914145950451,0.1708497723272087,400,0,5,5,1,0,0
681.0,2025-05-15 15:00:00,0.2302315151045732,0.3369335825192545,400,15,3,5,1,0,0
200.0,2025-05-07 02:00:00,0.9814006637592256,0.1319175170068027,600,2,2,5,0,0,1
85.0,2025-05-18 12:00:00,0.5508740588254486,0.3838909488069018,650,12,6,5,0,1,0
501.0,2025-05-14 19:00:00,0.3874558368870596,0.2831475823619702,400,19,2,5,1,0,0
101.0,2025-05-13 20:00:00,0.6080467657023152,0.3117298765142328,650,20,1,5,0,1,0
226.0,2025-05-03 04:00:00,0.974370250266178,0.2559882547917567,600,4,5,5,0,0,1
645.0,2025-05-10 12:00:00,0.2008438009345756,0.3515696312397292,400,12,5,5,1,0,0
492.0,2025-05-11 22:00:00,0.8962804880263114,0.2437533086054369,600,22,6,5,0,0,1
254.0,2025-05-06 05:00:00,0.9658071983655852,0.3965930930930931,600,5,1,5,0,0,1
538.0,2025-05-19 08:00:00,0.8078011209790856,0.3146121560537232,600,8,0,5,0,0,1
134.0,2025-05-05 15:00:00,0.4959510686824024,0.2959682493351495,650,15,0,5,0,1,0
118.0,2025-05-09 23:00:00,0.5284668263276429,0.2049507273896982,400,23,4,5,1,0,0
14.0,2025-05-01 05:00:00,0.9599277276170588,0.1410945960580463,650,5,3,5,0,1,0
17.0,2025-05-07 07:00:00,0.9041572349364078,0.2229838460945331,650,7,2,5,0,1,0
382.0,2025-05-11 04:00:00,0.9783094066380756,0.2318584056876808,600,4,6,5,0,0,1
425.0,2025-05-08 20:00:00,0.3831543650503095,0.2571189430391198,400,20,3,5,1,0,0
4.0,2025-05-20 04:00:00,0.9362621670248508,0.1752425911355887,650,4,1,5,0,1,0
60.0,2025-05-16 00:00:00,0.6612426874558103,0.1860185533801874,400,0,4,5,1,0,0
705.0,2025-05-06 08:00:00,0.8339306808783943,0.3570147766959087,600,8,1,5,0,0,1
63.0,2025-05-04 06:00:00,0.4372994466637403,0.2956650410781496,400,6,6,5,1,0,0
22.0,2025-05-10 06:00:00,0.8502117678985065,0.1698764243767744,650,6,5,5,0,1,0
638.0,2025-05-20 12:00:00,0.1880539623671244,0.3391195972633143,400,12,1,5,1,0,0
53.0,2025-05-04 23:00:00,0.6696933881427546,0.2963872673434856,650,23,6,5,0,1,0
679.0,2025-05-12 19:00:00,0.7418101412045082,0.8043307603431401,600,19,0,5,0,0,1
66.0,2025-05-06 22:00:00,0.657433153317927,0.2620126866027567,650,22,1,5,0,1,0
229.0,2025-05-04 19:00:00,0.3345364280395221,0.2561969536426058,400,19,6,5,1,0,0
109.0,2025-05-20 18:00:00,0.5175779780151416,0.3111088736780269,650,18,1,5,0,1,0
117.0,2025-05-06 14:00:00,0.4974859062264351,0.2809327042967819,650,14,1,5,0,1,0
110.0,2025-05-19 19:00:00,0.5145476639265582,0.3110065127173178,650,19,0,5,0,1,0
661.0,2025-05-08 16:00:00,0.2907367082811783,0.3196710941752268,400,16,3,5,1,0,0
75.0,2025-05-04 12:00:00,0.6126601762160702,0.2733662904439428,650,12,6,5,0,1,0
497.0,2025-05-19 22:00:00,0.8864986267083947,0.2032797932921573,600,22,0,5,0,0,1
656.0,2025-05-01 12:00:00,0.746390219576642,0.3716244178395331,600,12,3,5,0,0,1
599.0,2025-05-02 23:00:00,0.939254913553474,0.1748799465100816,600,23,4,5,0,0,1
42.0,2025-05-12 05:00:00,0.8140481581266311,0.2959372839010462,400,5,0,5,1,0,0
263.0,2025-05-13 21:00:00,0.4339113592647577,0.2278352190374931,400,21,1,5,1,0,0
134.0,2025-05-19 04:00:00,0.96736665571588,0.1097944199706314,600,4,0,5,0,0,1
128.0,2025-05-03 18:00:00,0.5262268186023223,0.3494174622941746,650,18,5,5,0,1,0
25.0,2025-05-11 03:00:00,0.6147391216079042,0.201417961020303,400,3,6,5,1,0,0
100.0,2025-05-11 15:00:00,0.5207787610619469,0.2580143684925679,650,15,6,5,0,1,0
104.0,2025-05-15 23:00:00,0.6084253997568235,0.2199301914529151,400,23,3,5,1,0,0
19.0,2025-05-16 03:00:00,0.8695789223172591,0.1350807493540051,650,3,4,5,0,1,0
658.0,2025-05-13 13:00:00,0.6998608230518524,0.7155884627203055,600,13,1,5,0,0,1
112.0,2025-05-06 19:00:00,0.5547150069906341,0.3041939594117799,650,19,1,5,0,1,0
325.0,2025-05-18 14:00:00,0.2996749523397128,0.3009891946426901,400,14,6,5,1,0,0
65.0,2025-05-05 23:00:00,0.7053886387393943,0.2473432570336038,650,23,0,5,0,1,0
631.0,2025-05-03 09:00:00,0.7726224611477946,0.2995048366679103,600,9,5,5,0,0,1
330.0,2025-05-05 00:00:00,0.9641109588797352,0.2144275289380976,600,0,0,5,0,0,1
79.0,2025-05-02 22:00:00,0.6369385816841738,0.2622682596117839,650,22,4,5,0,1,0
732.0,2025-05-17 10:00:00,0.7171970775000219,0.324243264570703,600,10,5,5,0,0,1
52.0,2025-05-06 05:00:00,0.5563694774851317,0.3146660958904109,400,5,1,5,1,0,0
665.0,2025-05-17 12:00:00,0.2111086347395775,0.3284250500314747,400,12,5,5,1,0,0
50.0,2025-05-14 00:00:00,0.6588229267120076,0.2194404371432807,400,0,2,5,1,0,0
287.0,2025-05-04 11:00:00,0.3563562333177671,0.2889662759686494,400,11,6,5,1,0,0
99.0,2025-05-18 20:00:00,0.5241978783315127,0.3280698074791062,650,20,6,5,0,1,0
23.0,2025-05-16 03:00:00,0.642118118874116,0.1740884336099585,400,3,4,5,1,0,0
588.0,2025-05-03 17:00:00,0.3419869743088358,0.3047851979827449,400,17,5,5,1,0,0
765.0,2025-05-16 10:00:00,0.7999597160532234,0.568345532202758,600,10,4,5,0,0,1
15.0,2025-05-18 06:00:00,0.863998230361739,0.1964841269841269,650,6,6,5,0,1,0
478.0,2025-05-16 08:00:00,0.4016973154717074,0.3744552335281274,400,8,4,5,1,0,0
243.0,2025-05-08 05:00:00,0.981507893465867,0.0702018900343642,600,5,3,5,0,0,1
28.0,2025-05-09 04:00:00,0.629850853678283,0.2510429606625259,400,4,4,5,1,0,0
709.0,2025-05-18 00:00:00,0.9618427135432376,0.1705922172365774,600,0,6,5,0,0,1
370.0,2025-05-13 06:00:00,0.9619591045404524,0.4497534016652929,600,6,1,5,0,0,1
722.0,2025-05-07 13:00:00,0.6702639216408565,0.3350701565750794,600,13,2,5,0,0,1
72.0,2025-05-18 00:00:00,0.6064737414165104,0.2082060489143944,400,0,6,5,1,0,0
60.0,2025-05-14 23:00:00,0.7398164650640535,0.2528721311562332,650,23,2,5,0,1,0
937.0,2025-05-17 17:00:00,0.7359582399890072,0.338383744446784,600,17,5,5,0,0,1
97.0,2025-05-20 20:00:00,0.5565468102705821,0.2944670483577216,650,20,1,5,0,1,0
537.0,2025-05-19 18:00:00,0.3147900775378197,0.3269918083690813,400,18,0,5,1,0,0
490.0,2025-05-12 14:00:00,0.6143859069474064,0.4491110963844776,600,14,0,5,0,0,1
625.0,2025-05-11 15:00:00,0.7623187617417524,0.2990845827291259,600,15,6,5,0,0,1
110.0,2025-05-07 13:00:00,0.5727494019667598,0.2940972071443528,650,13,2,5,0,1,0
539.0,2025-05-07 07:00:00,0.905362608193931,0.3623518145227696,600,7,2,5,0,0,1
404.0,2025-05-18 06:00:00,0.9721375278383118,0.2333394107045559,600,6,6,5,0,0,1
19.0,2025-05-05 06:00:00,0.9163674549591356,0.184779370768618,650,6,0,5,0,1,0
654.0,2025-05-20 14:00:00,0.2301148020953677,0.3187153761299919,400,14,1,5,1,0,0
787.0,2025-05-13 11:00:00,0.7918761340768596,0.3881354455102271,600,11,1,5,0,0,1
98.0,2025-05-08 23:00:00,0.5994779968516041,0.1852114353607716,400,23,3,5,1,0,0
584.0,2025-05-16 18:00:00,0.2976509463563974,0.3190949123117862,400,18,4,5,1,0,0
117.0,2025-05-16 16:00:00,0.4727812822625711,0.2963696528131544,650,16,4,5,0,1,0
643.0,2025-05-05 16:00:00,0.6271549786306632,0.5108841855145724,600,16,0,5,0,0,1
13.0,2025-05-08 03:00:00,0.9155252668900912,0.2955632387706856,650,3,3,5,0,1,0
662.0,2025-05-08 13:00:00,0.2344282345715002,0.2964330317692333,400,13,3,5,1,0,0
768.0,2025-05-06 17:00:00,0.6883208869650377,0.6359285708738166,600,17,1,5,0,0,1
38.0,2025-05-06 08:00:00,0.865857671900548,0.2782024083035961,650,8,1,5,0,1,0
13.0,2025-05-20 01:00:00,0.8382396497947548,0.2132875496876774,650,1,1,5,0,1,0
763.0,2025-05-04 17:00:00,0.8142803652033771,0.47834295749406,600,17,6,5,0,0,1
62.0,2025-05-13 09:00:00,0.8481551638668842,0.4060320210351452,650,9,1,5,0,1,0
120.0,2025-05-02 16:00:00,0.4695970094108312,0.3101538209409041,650,16,4,5,0,1,0
556.0,2025-05-10 09:00:00,0.2978418557503179,0.3310807631668723,400,9,5,5,1,0,0
148.0,2025-05-17 06:00:00,0.5351699372660356,0.3108452129218244,400,6,5,5,1,0,0
98.0,2025-05-10 13:00:00,0.569237164742984,0.2940364603604914,650,13,5,5,0,1,0
939.0,2025-05-03 18:00:00,0.751362836158609,0.3374625289407991,600,18,5,5,0,0,1
20.0,2025-05-02 02:00:00,0.8177812697017748,0.2142688888888889,650,2,4,5,0,1,0
57.0,2025-05-14 05:00:00,0.6030918509207945,0.4279058846080122,400,5,2,5,1,0,0
201.0,2025-05-19 07:00:00,0.414578785094265,0.387396313819227,400,7,0,5,1,0,0
56.0,2025-05-13 05:00:00,0.5654448790073736,0.5831119602134885,400,5,1,5,1,0,0
162.0,2025-05-08 03:00:00,0.9782734792632244,0.1412024608501118,600,3,3,5,0,0,1
32.0,2025-05-09 08:00:00,0.8802915233781228,0.291568783068783,650,8,4,5,0,1,0
654.0,2025-05-09 08:00:00,0.8148957519259059,0.3003613924860319,600,8,4,5,0,0,1
589.0,2025-05-06 22:00:00,0.8980270652666162,0.1880985029401946,600,22,1,5,0,0,1
284.0,2025-05-18 17:00:00,0.3520623376489056,0.2837845765667235,400,17,6,5,1,0,0
462.0,2025-05-09 08:00:00,0.4137353587328853,0.3437116318608053,400,8,4,5,1,0,0
657.0,2025-05-11 14:00:00,0.7057867825555206,0.3953293049881148,600,14,6,5,0,0,1
111.0,2025-05-14 23:00:00,0.5874221569056194,0.1875495448242599,400,23,2,5,1,0,0
151.0,2025-05-09 06:00:00,0.5566113273047958,0.3394732912858798,400,6,4,5,1,0,0
729.0,2025-05-20 15:00:00,0.6410983854899197,0.5445000470986063,600,15,1,5,0,0,1
688.0,2025-05-15 13:00:00,0.6676317105754038,0.4331787683903865,600,13,3,5,0,0,1
59.0,2025-05-16 09:00:00,0.8278128577829671,0.2567685465654893,650,9,4,5,0,1,0
19.0,2025-05-14 03:00:00,0.907994488547594,0.2222155768208399,650,3,2,5,0,1,0
26.0,2025-05-10 01:00:00,0.8382834702210826,0.2034369520897044,650,1,5,5,0,1,0
117.0,2025-05-20 15:00:00,0.4593774633109589,0.3125888735658603,650,15,1,5,0,1,0
565.0,2025-05-12 11:00:00,0.7062820684643655,0.5443483459921867,600,11,0,5,0,0,1
16.0,2025-05-06 06:00:00,0.8791178143682753,0.1617303089643167,650,6,1,5,0,1,0
3.0,2025-05-20 03:00:00,0.9155423766157462,0.1385135250813217,650,3,1,5,0,1,0
269.0,2025-05-01 04:00:00,0.9852741062370076,0.1882426900584795,600,4,3,5,0,0,1
494.0,2025-05-01 00:00:00,0.9628452132310305,0.3411638973866794,600,0,3,5,0,0,1
82.0,2025-05-04 20:00:00,0.5298662001520958,0.2871058544311211,650,20,6,5,0,1,0
577.0,2025-05-19 11:00:00,0.1961799421809944,0.3515542990378738,400,11,0,5,1,0,0
453.0,2025-05-01 18:00:00,0.4061004197093354,0.2885006434306353,400,18,3,5,1,0,0
22.0,2025-05-04 02:00:00,0.8844010632761846,0.1984493584493584,650,2,6,5,0,1,0
597.0,2025-05-06 12:00:00,0.2110129040180345,0.2928066233827776,400,12,1,5,1,0,0
722.0,2025-05-01 18:00:00,0.7760595224947555,0.232352585783313,600,18,3,5,0,0,1
116.0,2025-05-08 14:00:00,0.5369526244948708,0.294038962360473,650,14,3,5,0,1,0
56.0,2025-05-11 10:00:00,0.7481405157731617,0.2998403264551605,650,10,6,5,0,1,0
619.0,2025-05-19 16:00:00,0.2479393385519653,0.3265695560899841,400,16,0,5,1,0,0
39.0,2025-05-11 23:00:00,0.668063000698167,0.2793811838834033,650,23,6,5,0,1,0
211.0,2025-05-13 01:00:00,0.9779464908147748,0.3017424242424242,600,1,1,5,0,0,1
38.0,2025-05-05 08:00:00,0.8969253429425179,0.2599438345617495,650,8,0,5,0,1,0
234.0,2025-05-13 05:00:00,0.9772452126824128,0.1411947895100069,600,5,1,5,0,0,1
114.0,2025-05-03 16:00:00,0.5043147579653094,0.2988041867586428,650,16,5,5,0,1,0
255.0,2025-05-14 21:00:00,0.4230708669474463,0.2416569452299072,400,21,2,5,1,0,0
82.0,2025-05-18 06:00:00,0.4447011549419465,0.2967602771860417,400,6,6,5,1,0,0
385.0,2025-05-04 04:00:00,0.9827508979625392,0.1708263136782992,600,4,6,5,0,0,1
609.0,2025-05-11 12:00:00,0.6890166664359165,0.2905441017500164,600,12,6,5,0,0,1
26.0,2025-05-18 02:00:00,0.8948671289453853,0.2067672271678206,650,2,6,5,0,1,0
141.0,2025-05-15 14:00:00,0.4973185366518453,0.3048682237228262,650,14,3,5,0,1,0
401.0,2025-05-17 20:00:00,0.3438997920049731,0.2773540900350755,400,20,5,5,1,0,0
14.0,2025-05-10 03:00:00,0.8743929944390164,0.1664015652557319,650,3,5,5,0,1,0
805.0,2025-05-15 11:00:00,0.775385469119717,0.7245370094218966,600,11,3,5,0,0,1
16.0,2025-05-12 06:00:00,0.9279323079498878,0.2343505306733606,650,6,0,5,0,1,0
89.0,2025-05-18 14:00:00,0.4845391303495622,0.270596797689989,650,14,6,5,0,1,0
630.0,2025-05-10 11:00:00,0.2365909445740046,0.3541990613677361,400,11,5,5,1,0,0
78.0,2025-05-13 22:00:00,0.7121144844658355,0.2559789958609221,650,22,1,5,0,1,0
245.0,2025-05-16 05:00:00,0.9648991798821592,0.1860921843687374,600,5,4,5,0,0,1
85.0,2025-05-08 11:00:00,0.7213208516061171,0.2824627312100691,650,11,3,5,0,1,0
735.0,2025-05-04 15:00:00,0.7907391615241524,0.3300293844528217,600,15,6,5,0,0,1
10.0,2025-05-12 03:00:00,0.8928328605879041,0.1851711918002398,650,3,0,5,0,1,0
753.0,2025-05-07 21:00:00,0.8667230989113656,0.237616819105691,600,21,2,5,0,0,1
709.0,2025-05-05 21:00:00,0.8514149187399945,0.2111931981593327,600,21,0,5,0,0,1
252.0,2025-05-12 06:00:00,0.9699420187324096,0.2464527260179434,600,6,0,5,0,0,1
646.0,2025-05-16 13:00:00,0.2210138080064461,0.333817927999908,400,13,4,5,1,0,0
113.0,2025-05-10 15:00:00,0.5389350491905982,0.2934608518397943,650,15,5,5,0,1,0
704.0,2025-05-10 15:00:00,0.6460571395497076,0.3970117268942135,600,15,5,5,0,0,1
259.0,2025-05-15 21:00:00,0.4341561386622036,0.2298012432223107,400,21,3,5,1,0,0
606.0,2025-05-15 08:00:00,0.871982107046621,0.293174855243057,600,8,3,5,0,0,1
84.0,2025-05-07 21:00:00,0.6241135155473108,0.258505362628751,650,21,2,5,0,1,0
445.0,2025-05-02 07:00:00,0.90743316264178,0.4079314634053705,600,7,4,5,0,0,1
101.0,2025-05-04 18:00:00,0.5872670426106561,0.3086962430505247,650,18,6,5,0,1,0
654.0,2025-05-07 17:00:00,0.3312357284611954,0.3366924192536845,400,17,2,5,1,0,0
752.0,2025-05-02 11:00:00,0.720901897533625,0.4256293882463334,600,11,4,5,0,0,1
115.0,2025-05-02 23:00:00,0.5213782252861799,0.2094804300536784,400,23,4,5,1,0,0
131.0,2025-05-20 06:00:00,0.5695960228252094,0.362837669552893,400,6,1,5,1,0,0
36.0,2025-05-16 01:00:00,0.8182315938043729,0.229820913105213,650,1,4,5,0,1,0
127.0,2025-05-16 19:00:00,0.5499012959719932,0.3157722956739965,650,19,4,5,0,1,0
49.0,2025-05-07 09:00:00,0.8375633973472298,0.2768278484498903,650,9,2,5,0,1,0
62.0,2025-05-04 21:00:00,0.5663699116445812,0.2748634180634947,650,21,6,5,0,1,0
306.0,2025-05-09 07:00:00,0.4962541593405109,0.3870507942909637,400,7,4,5,1,0,0
367.0,2025-05-14 20:00:00,0.3805930551608746,0.2602113713544792,400,20,2,5,1,0,0
26.0,2025-05-17 02:00:00,0.6275532864620744,0.1916173960273122,400,2,5,5,1,0,0
56.0,2025-05-08 05:00:00,0.5648127639749181,0.3743106575963719,400,5,3,5,1,0,0
80.0,2025-05-05 23:00:00,0.5880143191919884,0.1980095223509244,400,23,0,5,1,0,0
398.0,2025-05-03 01:00:00,0.9770395550061804,0.1446167439805611,600,1,5,5,0,0,1
417.0,2025-05-14 06:00:00,0.9775332773130624,0.2609936693882381,600,6,2,5,0,0,1
676.0,2025-05-19 20:00:00,0.7983430932185831,0.291668789474282,600,20,0,5,0,0,1
614.0,2025-05-08 18:00:00,0.3523859747871272,0.3259647078325663,400,18,3,5,1,0,0
337.0,2025-05-11 14:00:00,0.2987364169844719,0.2781014064313307,400,14,6,5,1,0,0
672.0,2025-05-05 11:00:00,0.721714405545032,0.5888998642878981,600,11,0,5,0,0,1
112.0,2025-05-06 16:00:00,0.5366436811807102,0.2922704773752644,650,16,1,5,0,1,0
108.0,2025-05-19 17:00:00,0.4799790462117413,0.3324443838656802,650,17,0,5,0,1,0
290.0,2025-05-04 17:00:00,0.352727390194534,0.2731911358456413,400,17,6,5,1,0,0
38.0,2025-05-13 01:00:00,0.8345656228603807,0.1978611586554461,650,1,1,5,0,1,0
562.0,2025-05-01 12:00:00,0.3152430848791306,0.299960155138162,400,12,3,5,1,0,0
28.0,2025-05-02 08:00:00,0.8182648151948377,0.2960152017689331,650,8,4,5,0,1,0
33.0,2025-05-16 01:00:00,0.6666515927479377,0.1474473093850022,400,1,4,5,1,0,0
134.0,2025-05-01 18:00:00,0.569724866294673,0.3143893421303378,650,18,3,5,0,1,0
228.0,2025-05-02 02:00:00,0.9812991753335468,0.1473931623931624,600,2,4,5,0,0,1
19.0,2025-05-02 02:00:00,0.5856685445543195,0.136023781578359,400,2,4,5,1,0,0
32.0,2025-05-01 02:00:00,0.8248033236100062,0.1559098639455782,400,2,3,5,1,0,0
451.0,2025-05-03 07:00:00,0.9083096009197406,0.3082074092950519,600,7,5,5,0,0,1
618.0,2025-05-06 14:00:00,0.6523759069510051,0.4049439731943266,600,14,1,5,0,0,1
30.0,2025-05-19 01:00:00,0.5652929404950465,0.2012449975268672,400,1,0,5,1,0,0
96.0,2025-05-19 13:00:00,0.4594690840171699,0.2963663763482133,650,13,0,5,0,1,0
556.0,2025-05-05 15:00:00,0.6093920134855008,0.4260262077179018,600,15,0,5,0,0,1
22.0,2025-05-17 03:00:00,0.8958690877141602,0.1629994658119658,650,3,5,5,0,1,0
215.0,2025-05-12 01:00:00,0.9851835267539178,0.0816544566544566,600,1,0,5,0,0,1
16.0,2025-05-14 02:00:00,0.6408662510882003,0.3449350923164965,400,2,2,5,1,0,0
265.0,2025-05-06 07:00:00,0.5181344613929297,0.3978013293973715,400,7,1,5,1,0,0
237.0,2025-05-09 05:00:00,0.982237895848534,0.2023504273504273,600,5,4,5,0,0,1
169.0,2025-05-05 02:00:00,0.9890875225548592,0.1538821548821549,600,2,0,5,0,0,1
129.0,2025-05-13 19:00:00,0.6298404996901169,0.3372030286543344,650,19,1,5,0,1,0
758.0,2025-05-14 19:00:00,0.8117125741982393,0.5332124640861361,600,19,2,5,0,0,1
674.0,2025-05-07 15:00:00,0.2676562899753006,0.3081355441669823,400,15,2,5,1,0,0
101.0,2025-05-03 13:00:00,0.4945679066142467,0.3076495402624876,650,13,5,5,0,1,0
40.0,2025-05-07 05:00:00,0.5396706088782317,0.3286292388519821,400,5,2,5,1,0,0
810.0,2025-05-06 19:00:00,0.7388267910246693,0.4385224608695884,600,19,1,5,0,0,1
30.0,2025-05-10 02:00:00,0.6101708644433106,0.1823017794998744,400,2,5,5,1,0,0
319.0,2025-05-10 02:00:00,0.9779237963563456,0.1596809309309309,600,2,5,5,0,0,1
125.0,2025-05-07 19:00:00,0.5765473937357553,0.3101788013849155,650,19,2,5,0,1,0
315.0,2025-05-05 06:00:00,0.9648070661704568,0.3152820901958832,600,6,0,5,0,0,1
560.0,2025-05-13 22:00:00,0.883550288929555,0.2233368457300275,600,22,1,5,0,0,1
104.0,2025-05-06 13:00:00,0.4778820655182049,0.2942670782352369,650,13,1,5,0,1,0
735.0,2025-05-18 15:00:00,0.7972834015348246,0.2257340740660431,600,15,6,5,0,0,1
774.0,2025-05-16 16:00:00,0.6708026827617701,0.3641434734842064,600,16,4,5,0,0,1
103.0,2025-05-01 06:00:00,0.6428564695058032,0.3611498084191994,400,6,3,5,1,0,0
84.0,2025-05-20 12:00:00,0.5015057624370186,0.3054578506758064,650,12,1,5,0,1,0
12.0,2025-05-05 05:00:00,0.9857164740651072,0.2667363184079602,650,5,0,5,0,1,0
933.0,2025-05-03 19:00:00,0.7601661256786963,0.4416718113598901,600,19,5,5,0,0,1
627.0,2025-05-13 08:00:00,0.8674003309247541,0.3217131649409254,600,8,1,5,0,0,1
95.0,2025-05-19 06:00:00,0.452859242733442,0.3849709901016193,400,6,0,5,1,0,0
290.0,2025-05-04 12:00:00,0.3038751941725722,0.3021558035524654,400,12,6,5,1,0,0
691.0,2025-05-20 14:00:00,0.6584830524190077,0.2835177717860859,600,14,1,5,0,0,1
371.0,2025-05-08 06:00:00,0.9580171658505824,0.2792661479250334,600,6,3,5,0,0,1
44.0,2025-05-08 00:00:00,0.6644727728399892,0.1731263450167342,400,0,3,5,1,0,0
190.0,2025-05-08 22:00:00,0.494187174131419,0.222307967799015,400,22,3,5,1,0,0
130.0,2025-05-12 20:00:00,0.575222301435371,0.2972696983244981,650,20,0,5,0,1,0
280.0,2025-05-15 07:00:00,0.5222067168164739,0.380101758698194,400,7,3,5,1,0,0
162.0,2025-05-02 04:00:00,0.971558503555187,0.1559014996591683,600,4,4,5,0,0,1
40.0,2025-05-10 00:00:00,0.7910686912734662,0.2349813950585275,650,0,5,5,0,1,0
668.0,2025-05-17 17:00:00,0.3021033340051791,0.3288883009191719,400,17,5,5,1,0,0
193.0,2025-05-10 23:00:00,0.5265452077259183,0.2081238825227842,400,23,5,5,1,0,0
583.0,2025-05-09 18:00:00,0.3112505259862148,0.3234219965871417,400,18,4,5,1,0,0
839.0,2025-05-06 10:00:00,0.7868170046700195,0.4005383876209514,600,10,1,5,0,0,1
614.0,2025-05-11 19:00:00,0.8620979323422919,0.2403231097984983,600,19,6,5,0,0,1
569.0,2025-05-16 09:00:00,0.3251039916719573,0.3736609733920731,400,9,4,5,1,0,0
108.0,2025-05-15 11:00:00,0.6817819512482167,0.3473285793255942,650,11,3,5,0,1,0
671.0,2025-05-14 17:00:00,0.3731602652838325,0.3241546284414026,400,17,2,5,1,0,0
523.0,2025-05-12 09:00:00,0.797469494373713,0.2621024527799506,600,9,0,5,0,0,1
72.0,2025-05-03 10:00:00,0.7800654225060295,0.2894541586277657,650,10,5,5,0,1,0
269.0,2025-05-12 21:00:00,0.4237726170447113,0.226271785526034,400,21,0,5,1,0,0
773.0,2025-05-03 15:00:00,0.67238727191668,0.5291829775757109,600,15,5,5,0,0,1
68.0,2025-05-18 23:00:00,0.4941354892815242,0.2057810511430591,400,23,6,5,1,0,0
680.0,2025-05-14 13:00:00,0.2404298869766791,0.3048019654428111,400,13,2,5,1,0,0
729.0,2025-05-03 10:00:00,0.7164412558837925,0.3532098746266432,600,10,5,5,0,0,1
29.0,2025-05-13 07:00:00,0.8311591359692221,0.2349836170787731,650,7,1,5,0,1,0
18.0,2025-05-05 02:00:00,0.871075528547632,0.2234718284505648,400,2,0,5,1,0,0
116.0,2025-05-08 20:00:00,0.5669214052778613,0.2925277654017266,650,20,3,5,0,1,0
122.0,2025-05-05 04:00:00,0.9881551099144728,0.3430045045045045,600,4,0,5,0,0,1
125.0,2025-05-02 18:00:00,0.5268306354355987,0.3488294516811021,650,18,4,5,0,1,0
338.0,2025-05-07 20:00:00,0.3864040757191148,0.2488189826629025,400,20,2,5,1,0,0
34.0,2025-05-18 03:00:00,0.5625912609316858,0.2496079203760603,400,3,6,5,1,0,0
45.0,2025-05-12 09:00:00,0.8472871715295078,0.2654889782798889,650,9,0,5,0,1,0
17.0,2025-05-13 03:00:00,0.6069151243493349,0.2451219272369715,400,3,1,5,1,0,0
279.0,2025-05-17 05:00:00,0.9706963585567132,0.3020103578154425,600,5,5,5,0,0,1
403.0,2025-05-11 03:00:00,0.98240047134378,0.2001917573981016,600,3,6,5,0,0,1
408.0,2025-05-19 23:00:00,0.919526062549464,0.2470564650792635,600,23,0,5,0,0,1
451.0,2025-05-19 19:00:00,0.3404206536215551,0.2979902603611726,400,19,0,5,1,0,0
16.0,2025-05-06 04:00:00,0.5360031445749088,0.3208745121671257,400,4,1,5,1,0,0
692.0,2025-05-02 15:00:00,0.6309413299014192,0.7561230415326047,600,15,4,5,0,0,1
619.0,2025-05-11 16:00:00,0.777903227465814,0.2670467702174436,600,16,6,5,0,0,1
20.0,2025-05-08 06:00:00,0.9099177030597824,0.2009131912501277,650,6,3,5,0,1,0
622.0,2025-05-01 10:00:00,0.8174532159631015,0.2806586010951845,600,10,3,5,0,0,1
621.0,2025-05-20 11:00:00,0.2128997242181365,0.3590294363169808,400,11,1,5,1,0,0
93.0,2025-05-03 21:00:00,0.558754161221657,0.2740905240438173,650,21,5,5,0,1,0
768.0,2025-05-08 20:00:00,0.7909143719654622,0.3603203344982478,600,20,3,5,0,0,1
151.0,2025-05-16 06:00:00,0.5878453274073641,0.3457937348361287,400,6,4,5,1,0,0
137.0,2025-05-09 19:00:00,0.6253038838436853,0.3160627780500767,650,19,4,5,0,1,0
593.0,2025-05-10 09:00:00,0.6929492180108383,0.3470667351601072,600,9,5,5,0,0,1
16.0,2025-05-14 04:00:00,0.9315788723426496,0.2797411541976759,650,4,2,5,0,1,0
59.0,2025-05-15 09:00:00,0.8478452372717409,0.2631517035013097,650,9,3,5,0,1,0
21.0,2025-05-09 07:00:00,0.9171799765620368,0.203331534124985,650,7,4,5,0,1,0
186.0,2025-05-18 08:00:00,0.3508684595366705,0.3404424834846926,400,8,6,5,1,0,0
263.0,2025-05-07 05:00:00,0.9789714614573414,0.2274133577150818,600,5,2,5,0,0,1
649.0,2025-05-13 14:00:00,0.6776934202667674,0.308217766549641,600,14,1,5,0,0,1
493.0,2025-05-18 08:00:00,0.9087526080389692,0.2659950241503639,600,8,6,5,0,0,1
58.0,2025-05-15 05:00:00,0.5708559000383812,0.2928317994439651,400,5,3,5,1,0,0
109.0,2025-05-05 20:00:00,0.5382069519270076,0.299094121887962,650,20,0,5,0,1,0
133.0,2025-05-17 18:00:00,0.5208035308202345,0.2952799858927212,650,18,5,5,0,1,0
658.0,2025-05-09 15:00:00,0.2238017893394442,0.3158354994982584,400,15,4,5,1,0,0
899.0,2025-05-03 17:00:00,0.7335106222168394,0.4288538904618519,600,17,5,5,0,0,1
70.0,2025-05-19 10:00:00,0.746198868427443,0.2768836131876687,650,10,0,5,0,1,0
34.0,2025-05-04 05:00:00,0.4950132792587958,0.2481050365652276,400,5,6,5,1,0,0
579.0,2025-05-11 01:00:00,0.9831186157992278,0.1278958668813741,600,1,6,5,0,0,1
41.0,2025-05-04 09:00:00,0.7879111734045815,0.2464739376511935,650,9,6,5,0,1,0
123.0,2025-05-13 14:00:00,0.5246971661383654,0.2929041323203446,650,14,1,5,0,1,0
142.0,2025-05-14 03:00:00,0.9714705891838372,0.0933526315789473,600,3,2,5,0,0,1
455.0,2025-05-15 08:00:00,0.423870669852127,0.3736393726837181,400,8,3,5,1,0,0
417.0,2025-05-11 23:00:00,0.9191750956789893,0.2173365721352827,600,23,6,5,0,0,1
256.0,2025-05-13 07:00:00,0.5355032907222356,0.3957337061532711,400,7,1,5,1,0,0
550.0,2025-05-12 21:00:00,0.8266149322031534,0.2227859995781365,600,21,0,5,0,0,1
115.0,2025-05-05 14:00:00,0.4988165317500642,0.2914321869407883,650,14,0,5,0,1,0
607.0,2025-05-02 08:00:00,0.8556667724048177,0.244083356274826,600,8,4,5,0,0,1
825.0,2025-05-08 10:00:00,0.8022370270442073,0.4663974259203831,600,10,3,5,0,0,1
800.0,2025-05-07 20:00:00,0.8365455761181015,0.281982840502973,600,20,2,5,0,0,1
13.0,2025-05-12 02:00:00,0.8870783343068069,0.1487788120567376,650,2,0,5,0,1,0
109.0,2025-05-01 20:00:00,0.5650229134700194,0.3014879704621248,650,20,3,5,0,1,0
41.0,2025-05-19 00:00:00,0.5564687495241378,0.208067187930732,400,0,0,5,1,0,0
28.0,2025-05-03 01:00:00,0.8255800129651936,0.255978984841525,650,1,5,5,0,1,0
225.0,2025-05-18 19:00:00,0.3111979143707916,0.2817743476872789,400,19,6,5,1,0,0
23.0,2025-05-14 04:00:00,0.5561214016245795,0.5320146425495262,400,4,2,5,1,0,0
573.0,2025-05-12 17:00:00,0.2931146084201188,0.3346262526867029,400,17,0,5,1,0,0
754.0,2025-05-03 11:00:00,0.6767626859485791,0.3805059703452166,600,11,5,5,0,0,1
11.0,2025-05-09 06:00:00,0.8547063843498969,0.2122063439311694,650,6,4,5,0,1,0
94.0,2025-05-11 13:00:00,0.5365183633328756,0.2735586937560925,650,13,6,5,0,1,0
112.0,2025-05-17 15:00:00,0.4564644440493219,0.2844478829575136,650,15,5,5,0,1,0
43.0,2025-05-20 09:00:00,0.8109934039576254,0.2701772500665565,650,9,1,5,0,1,0
58.0,2025-05-14 00:00:00,0.7968659397709845,0.2298426018831017,650,0,2,5,0,1,0
117.0,2025-05-07 15:00:00,0.553382679376367,0.2902157774657775,650,15,2,5,0,1,0
110.0,2025-05-18 18:00:00,0.522314930627022,0.3438277026176266,650,18,6,5,0,1,0
691.0,2025-05-05 10:00:00,0.7388460731301097,0.3157168680212338,600,10,0,5,0,0,1
729.0,2025-05-08 21:00:00,0.8368764541547473,0.4113129976044529,600,21,3,5,0,0,1
654.0,2025-05-08 12:00:00,0.2038316933776546,0.3276668393258312,400,12,3,5,1,0,0
579.0,2025-05-17 08:00:00,0.8527073638948491,0.2775261384116533,600,8,5,5,0,0,1
736.0,2025-05-09 09:00:00,0.7800629588580628,0.3688865396501966,600,9,4,5,0,0,1
453.0,2025-05-14 23:00:00,0.9440445386625468,0.2136819142156221,600,23,2,5,0,0,1
300.0,2025-05-18 12:00:00,0.2995505333524808,0.3172991723309542,400,12,6,5,1,0,0
653.0,2025-05-07 11:00:00,0.2455638544474007,0.3388040217130994,400,11,2,5,1,0,0
766.0,2025-05-13 18:00:00,0.7027867402219075,0.4188575407262617,600,18,1,5,0,0,1
110.0,2025-05-10 19:00:00,0.5761706928563818,0.3224339891663567,650,19,5,5,0,1,0
150.0,2025-05-13 04:00:00,0.9761916726207768,0.1831317204301075,600,4,1,5,0,0,1
194.0,2025-05-04 08:00:00,0.4208916493589142,0.3063413448478386,400,8,6,5,1,0,0
764.0,2025-05-03 23:00:00,0.9346976373710572,0.1775543952080785,600,23,5,5,0,0,1
122.0,2025-05-14 13:00:00,0.4974058182104476,0.2950262773498406,650,13,2,5,0,1,0
320.0,2025-05-19 00:00:00,0.9512153029455824,0.1818342592592592,600,0,0,5,0,0,1
18.0,2025-05-04 03:00:00,0.8895616418341398,0.2971700236092666,650,3,6,5,0,1,0
468.0,2025-05-03 19:00:00,0.3225588814163816,0.280941835211006,400,19,5,5,1,0,0
71.0,2025-05-11 11:00:00,0.6889003730967026,0.2686711483740748,650,11,6,5,0,1,0
9.0,2025-05-07 05:00:00,0.8511353377183998,0.1729969518833006,650,5,2,5,0,1,0
681.0,2025-05-14 14:00:00,0.275560161548843,0.3022532033449763,400,14,2,5,1,0,0
812.0,2025-05-07 09:00:00,0.8052765625951269,0.3096384130189485,600,9,2,5,0,0,1
98.0,2025-05-10 12:00:00,0.6490456192127411,0.2808325465647671,650,12,5,5,0,1,0
34.0,2025-05-15 01:00:00,0.6481455801110989,0.177464273465188,400,1,3,5,1,0,0
39.0,2025-05-01 01:00:00,0.7966690689302335,0.1854228855721393,400,1,3,5,1,0,0
129.0,2025-05-05 16:00:00,0.5161207716533956,0.2957849360878707,650,16,0,5,0,1,0
16.0,2025-05-15 05:00:00,0.9378952300701668,0.1692888888888889,650,5,3,5,0,1,0
133.0,2025-05-10 06:00:00,0.4499478093733154,0.3531464415364732,400,6,5,5,1,0,0
27.0,2025-05-16 02:00:00,0.650811230478302,0.1635338770992733,400,2,4,5,1,0,0
27.0,2025-05-07 01:00:00,0.6530970996359684,0.1940158175759765,400,1,2,5,1,0,0
256.0,2025-05-03 03:00:00,0.9774819506315802,0.1299300334168755,600,3,5,5,0,0,1
668.0,2025-05-15 12:00:00,0.1943283609867766,0.3342926496106066,400,12,3,5,1,0,0
22.0,2025-05-14 01:00:00,0.652046618178704,0.2353219358782555,400,1,2,5,1,0,0
820.0,2025-05-04 19:00:00,0.8630050127476909,0.2525257549329554,600,19,6,5,0,0,1
138.0,2025-05-13 18:00:00,0.6303234917543146,0.3094247836171967,650,18,1,5,0,1,0
15.0,2025-05-04 05:00:00,0.8643686152188754,0.1684812567002109,650,5,6,5,0,1,0
143.0,2025-05-06 03:00:00,0.9666623623431694,0.0745136828222881,600,3,1,5,0,0,1
21.0,2025-05-19 01:00:00,0.7763550579849406,0.2363423322466721,650,1,0,5,0,1,0
52.0,2025-05-14 08:00:00,0.8854451375538903,0.2693218246029982,650,8,2,5,0,1,0
363.0,2025-05-01 19:00:00,0.365477183915082,0.2914001646868694,400,19,3,5,1,0,0
61.0,2025-05-04 01:00:00,0.624441108522037,0.1773130788899617,400,1,6,5,1,0,0
18.0,2025-05-19 02:00:00,0.5357177703920254,0.2041577273411623,400,2,0,5,1,0,0
291.0,2025-05-08 21:00:00,0.4165666143135205,0.2241252984045234,400,21,3,5,1,0,0
156.0,2025-05-20 02:00:00,0.9795190826463028,0.1633661835748792,600,2,1,5,0,0,1
24.0,2025-05-17 02:00:00,0.8337457968247405,0.1680713750187434,650,2,5,5,0,1,0
99.0,2025-05-06 20:00:00,0.5778901677853149,0.2973465938524673,650,20,1,5,0,1,0
256.0,2025-05-15 01:00:00,0.982105192362348,0.1628758054376866,600,1,3,5,0,0,1
604.0,2025-05-20 18:00:00,0.3551830656050168,0.3429599946114621,400,18,1,5,1,0,0
10.0,2025-05-12 05:00:00,0.9642154935116004,0.159414558953064,650,5,0,5,0,1,0
558.0,2025-05-12 10:00:00,0.7513296786030481,0.3934108676393913,600,10,0,5,0,0,1
100.0,2025-05-02 14:00:00,0.5149955919465027,0.2820308332041037,650,14,4,5,0,1,0
135.0,2025-05-08 16:00:00,0.5604259281409273,0.2995741861016825,650,16,3,5,0,1,0
38.0,2025-05-21 00:00:00,0.7750447224129633,0.2244943557216747,650,0,2,5,0,1,0
24.0,2025-05-17 04:00:00,0.5626053657238759,0.2302810183024835,400,4,5,5,1,0,0
102.0,2025-05-05 06:00:00,0.6662834332707361,0.3606233275056195,400,6,0,5,1,0,0
639.0,2025-05-09 11:00:00,0.1973586523804005,0.346900715365402,400,11,4,5,1,0,0
658.0,2025-05-08 17:00:00,0.3281398355846662,0.3711207756654557,400,17,3,5,1,0,0
498.0,2025-05-03 00:00:00,0.964595317525891,0.1734538092754055,600,0,5,5,0,0,1
28.0,2025-05-04 01:00:00,0.7972210363554881,0.2291193377392262,650,1,6,5,0,1,0
106.0,2025-05-03 20:00:00,0.5250985928983641,0.306779094815082,650,20,5,5,0,1,0
138.0,2025-05-12 19:00:00,0.6064083144942725,0.3277233948817622,650,19,0,5,0,1,0
129.0,2025-05-02 06:00:00,0.527240214738897,0.3566467307540009,400,6,4,5,1,0,0
100.0,2025-05-02 21:00:00,0.5820384213155269,0.3190310013840348,650,21,4,5,0,1,0
715.0,2025-05-15 15:00:00,0.695980746475385,0.3738031530745447,600,15,3,5,0,0,1
150.0,2025-05-15 18:00:00,0.5845336735982198,0.3003683726901395,650,18,3,5,0,1,0
496.0,2025-05-02 19:00:00,0.318534504293954,0.2979815352025019,400,19,4,5,1,0,0
245.0,2025-05-07 21:00:00,0.428961229882962,0.2404357622171833,400,21,2,5,1,0,0
34.0,2025-05-18 02:00:00,0.5922587121871445,0.2009986870178893,400,2,6,5,1,0,0
120.0,2025-05-02 17:00:00,0.4894125578197691,0.3117843048601459,650,17,4,5,0,1,0
496.0,2025-05-04 08:00:00,0.9124265250892042,0.2717478915680464,600,8,6,5,0,0,1
871.0,2025-05-07 11:00:00,0.7637026907119491,0.406045232543762,600,11,2,5,0,0,1
11.0,2025-05-20 06:00:00,0.882976700035422,0.2183942729520619,650,6,1,5,0,1,0
154.0,2025-05-14 16:00:00,0.5771858953141155,0.2966291998418883,650,16,2,5,0,1,0
83.0,2025-05-03 11:00:00,0.6854840201550599,0.294996365326312,650,11,5,5,0,1,0
96.0,2025-05-05 21:00:00,0.5849812743196152,0.267789950830905,650,21,0,5,0,1,0
395.0,2025-05-06 06:00:00,0.9537197577143388,0.2621203267035746,600,6,1,5,0,0,1
455.0,2025-05-19 07:00:00,0.8752076031873741,0.3893577596000909,600,7,0,5,0,0,1
715.0,2025-05-04 11:00:00,0.8319575293099315,0.3085255035919809,600,11,6,5,0,0,1
512.0,2025-05-06 23:00:00,0.9417611937946304,0.2018676005422503,600,23,1,5,0,0,1
748.0,2025-05-16 09:00:00,0.8271167419902601,0.364154242544632,600,9,4,5,0,0,1
48.0,2025-05-20 00:00:00,0.6306325644556868,0.1609277519041382,400,0,1,5,1,0,0
502.0,2025-05-01 08:00:00,0.901502532068238,0.2398579805996472,600,8,3,5,0,0,1
329.0,2025-05-11 13:00:00,0.2826769022760714,0.2916059671283432,400,13,6,5,1,0,0
89.0,2025-05-02 12:00:00,0.5123225021516478,0.2971681662533947,650,12,4,5,0,1,0
37.0,2025-05-17 01:00:00,0.640270632530656,0.1828952239075478,400,1,5,5,1,0,0
532.0,2025-05-12 15:00:00,0.6185013586984685,0.443291688948332,600,15,0,5,0,0,1
537.0,2025-05-01 22:00:00,0.8683622945634922,0.1976805177375937,600,22,3,5,0,0,1
80.0,2025-05-12 11:00:00,0.7334717402847581,0.3602784304321745,650,11,0,5,0,1,0
97.0,2025-05-05 12:00:00,0.5878799348102983,0.2906672599097937,650,12,0,5,0,1,0
723.0,2025-05-13 09:00:00,0.8420603933177052,0.2897084665747679,600,9,1,5,0,0,1
563.0,2025-05-06 18:00:00,0.3675389995292674,0.3193320618905835,400,18,1,5,1,0,0
132.0,2025-05-09 15:00:00,0.5588282976706122,0.2862119363235014,650,15,4,5,0,1,0
504.0,2025-05-10 19:00:00,0.2909718774696527,0.2984562049392605,400,19,5,5,1,0,0
381.0,2025-05-13 20:00:00,0.4106427163677516,0.2553323891519696,400,20,1,5,1,0,0
128.0,2025-05-03 17:00:00,0.519021587972632,0.3084010870450289,650,17,5,5,0,1,0
34.0,2025-05-07 00:00:00,0.7877085042789477,0.2412836937468698,650,0,2,5,0,1,0
126.0,2025-05-19 03:00:00,0.9635883206674896,0.1989962121212121,600,3,0,5,0,0,1
36.0,2025-05-06 01:00:00,0.8158590896125286,0.2533969976218787,650,1,1,5,0,1,0
225.0,2025-05-12 07:00:00,0.4937250682049416,0.3878868731161181,400,7,0,5,1,0,0
43.0,2025-05-11 02:00:00,0.6171891568064549,0.1941126343975845,400,2,6,5,1,0,0
605.0,2025-05-19 15:00:00,0.2249076458822086,0.3145325982902445,400,15,0,5,1,0,0
858.0,2025-05-16 17:00:00,0.704176851356507,0.8743857362150489,600,17,4,5,0,0,1
766.0,2025-05-05 20:00:00,0.803039787159296,0.2986970471056948,600,20,0,5,0,0,1
645.0,2025-05-17 11:00:00,0.2304359258564963,0.3497251386923083,400,11,5,5,1,0,0
635.0,2025-05-04 10:00:00,0.8529374755758403,0.3020684737156511,600,10,6,5,0,0,1
130.0,2025-05-01 14:00:00,0.5413879163820065,0.2787576723000855,650,14,3,5,0,1,0
18.0,2025-05-10 03:00:00,0.555921883998525,0.1823089803729375,400,3,5,5,1,0,0
63.0,2025-05-01 10:00:00,0.8021120566900641,0.2862608317513014,650,10,3,5,0,1,0
71.0,2025-05-16 05:00:00,0.626235446626525,0.2712564335452619,400,5,4,5,1,0,0
353.0,2025-05-01 08:00:00,0.4907969395185297,0.3305286586432943,400,8,3,5,1,0,0
241.0,2025-05-20 05:00:00,0.9767025972355629,0.3203929866989117,600,5,1,5,0,0,1
112.0,2025-05-12 21:00:00,0.631059790864965,0.2961533057958589,650,21,0,5,0,1,0
284.0,2025-05-17 07:00:00,0.443700320252329,0.3401586459983521,400,7,5,5,1,0,0
94.0,2025-05-13 11:00:00,0.7161106249279736,0.306833370015032,650,11,1,5,0,1,0
608.0,2025-05-04 22:00:00,0.90106232864039,0.2603012626820939,600,22,6,5,0,0,1
128.0,2025-05-13 15:00:00,0.5401607229802894,0.3113152346284841,650,15,1,5,0,1,0
114.0,2025-05-11 00:00:00,0.6160387313015951,0.1863762900658224,400,0,6,5,1,0,0
131.0,2025-05-01 22:00:00,0.471819432952037,0.2205778355109269,400,22,3,5,1,0,0
14.0,2025-05-02 04:00:00,0.7315057652780744,0.2897573696145125,650,4,4,5,0,1,0
300.0,2025-05-14 07:00:00,0.5617740084920593,0.3741676601645402,400,7,2,5,1,0,0
166.0,2025-05-08 04:00:00,0.9790251532911292,0.0966750208855472,600,4,3,5,0,0,1
310.0,2025-05-18 16:00:00,0.3015353371563763,0.3068496611551247,400,16,6,5,1,0,0
846.0,2025-05-03 16:00:00,0.7025940138785337,0.4123605602521035,600,16,5,5,0,0,1
582.0,2025-05-05 12:00:00,0.2056179489083644,0.3297618546798202,400,12,0,5,1,0,0
618.0,2025-05-11 13:00:00,0.656458894622352,0.276541186373658,600,13,6,5,0,0,1
692.0,2025-05-11 00:00:00,0.9593372912865348,0.1941248662096097,600,0,6,5,0,0,1
99.0,2025-05-15 21:00:00,0.6132502609603341,0.2841828940173061,650,21,3,5,0,1,0
661.0,2025-05-16 16:00:00,0.2351882824741402,0.3378259040200767,400,16,4,5,1,0,0
616.0,2025-05-11 20:00:00,0.8381425147486888,0.2373887163127108,600,20,6,5,0,0,1
78.0,2025-05-03 00:00:00,0.6044420686914317,0.1930138732608191,400,0,5,5,1,0,0
94.0,2025-05-04 14:00:00,0.5495589169268201,0.2816264549834352,650,14,6,5,0,1,0
49.0,2025-05-11 22:00:00,0.6029801314658952,0.2684159684566368,650,22,6,5,0,1,0
359.0,2025-05-03 06:00:00,0.954901073322126,0.2219566082802547,600,6,5,5,0,0,1
665.0,2025-05-15 17:00:00,0.3166235721592985,0.3324320217121621,400,17,3,5,1,0,0
169.0,2025-05-15 04:00:00,0.9784508820695358,0.134172335600907,600,4,3,5,0,0,1
655.0,2025-05-17 16:00:00,0.3056663069438302,0.3279733186689502,400,16,5,5,1,0,0
863.0,2025-05-17 16:00:00,0.6978869980733217,0.3603004693178067,600,16,5,5,0,0,1
28.0,2025-05-08 07:00:00,0.8889201652623062,0.2421540283549672,650,7,3,5,0,1,0
166.0,2025-05-04 21:00:00,0.4121216007272714,0.2147796140396216,400,21,6,5,1,0,0
630.0,2025-05-11 17:00:00,0.8060015788141798,0.2716876989194997,600,17,6,5,0,0,1
26.0,2025-05-11 01:00:00,0.7987870573289034,0.2082212558203747,650,1,6,5,0,1,0
277.0,2025-05-10 05:00:00,0.971814642249174,0.3946092278719397,600,5,5,5,0,0,1
4.0,2025-05-20 02:00:00,0.9093040103731664,0.1806603720564266,650,2,1,5,0,1,0
141.0,2025-05-12 16:00:00,0.5601335472415628,0.3011767327671785,650,16,0,5,0,1,0
23.0,2025-05-06 07:00:00,0.8659045222153632,0.2379140782344765,650,7,1,5,0,1,0
650.0,2025-05-10 15:00:00,0.2785415648182402,0.3188914013571977,400,15,5,5,1,0,0
471.0,2025-05-05 19:00:00,0.3582394295416428,0.2914948417403493,400,19,0,5,1,0,0
724.0,2025-05-13 12:00:00,0.7190129540652304,0.4987862831835003,600,12,1,5,0,0,1
692.0,2025-05-14 16:00:00,0.3338711759986589,0.3042106150330566,400,16,2,5,1,0,0
547.0,2025-05-12 10:00:00,0.2934669289970654,0.3432084419342965,400,10,0,5,1,0,0
430.0,2025-05-18 04:00:00,0.980535438279458,0.1677166022713968,600,4,6,5,0,0,1
22.0,2025-05-05 01:00:00,0.8303455535249559,0.265953047885821,650,1,0,5,0,1,0
120.0,2025-05-16 15:00:00,0.4594796407604714,0.2922203533606373,650,15,4,5,0,1,0
265.0,2025-05-08 01:00:00,0.9800053218458176,0.1016930076628352,600,1,3,5,0,0,1
129.0,2025-05-07 17:00:00,0.589558469461023,0.2970327092639997,650,17,2,5,0,1,0
108.0,2025-05-18 16:00:00,0.4804229908160564,0.2747528768691601,650,16,6,5,0,1,0
765.0,2025-05-04 20:00:00,0.8641918090018715,0.2376923470849588,600,20,6,5,0,0,1
114.0,2025-05-17 23:00:00,0.536601368930873,0.2087524776397533,400,23,5,5,1,0,0
53.0,2025-05-13 00:00:00,0.7696930698463866,0.2489307464444076,650,0,1,5,0,1,0
27.0,2025-05-03 03:00:00,0.601170856445723,0.1607457784753102,400,3,5,5,1,0,0
18.0,2025-05-12 01:00:00,0.8099120210554133,0.2020738038345565,650,1,0,5,0,1,0
815.0,2025-05-20 10:00:00,0.8099647592431601,0.6994876338906979,600,10,1,5,0,0,1
17.0,2025-05-18 03:00:00,0.8844784048082639,0.2112093963474139,650,3,6,5,0,1,0
270.0,2025-05-18 18:00:00,0.3507803644841948,0.2949016350985805,400,18,6,5,1,0,0
151.0,2025-05-07 03:00:00,0.9789599474585596,0.1869731800766283,600,3,2,5,0,0,1
284.0,2025-05-18 10:00:00,0.3417544388725446,0.3076471102497846,400,10,6,5,1,0,0
651.0,2025-05-07 13:00:00,0.2283860501038072,0.3021135788096011,400,13,2,5,1,0,0
839.0,2025-05-07 17:00:00,0.7129111889933527,0.3987245733340827,600,17,2,5,0,0,1
10.0,2025-05-07 03:00:00,0.844057619806519,0.165423740510697,650,3,2,5,0,1,0
555.0,2025-05-05 22:00:00,0.8920833312864449,0.180707338693053,600,22,0,5,0,0,1
104.0,2025-05-05 13:00:00,0.5115827612650827,0.2931715454090088,650,13,0,5,0,1,0
624.0,2025-05-19 15:00:00,0.6088926264120298,0.9520651419671378,600,15,0,5,0,0,1
61.0,2025-05-17 05:00:00,0.5374824284372498,0.3329361421477343,400,5,5,5,1,0,0
91.0,2025-05-06 23:00:00,0.5560234182505734,0.2041209548483469,400,23,1,5,1,0,0
89.0,2025-05-13 21:00:00,0.6637033197456713,0.3082622126688986,650,21,1,5,0,1,0
392.0,2025-05-16 06:00:00,0.9497370872724018,0.286733502538071,600,6,4,5,0,0,1
24.0,2025-05-06 02:00:00,0.8512589907574769,0.1916233422489691,650,2,1,5,0,1,0
289.0,2025-05-16 07:00:00,0.5007419369813033,0.3905744191569217,400,7,4,5,1,0,0
634.0,2025-05-01 16:00:00,0.7513428426275304,0.2968039652505521,600,16,3,5,0,0,1
631.0,2025-05-10 13:00:00,0.2201456590287433,0.3277181473797626,400,13,5,5,1,0,0
274.0,2025-05-10 03:00:00,0.9812120244821636,0.2888142000922084,600,3,5,5,0,0,1
16.0,2025-05-04 04:00:00,0.8865005745696651,0.1576424076833913,650,4,6,5,0,1,0
85.0,2025-05-04 23:00:00,0.5979241452613917,0.216527521564145,400,23,6,5,1,0,0
386.0,2025-05-12 23:00:00,0.9306364482091152,0.2037882008112463,600,23,0,5,0,0,1
12.0,2025-05-05 03:00:00,0.8595564165767582,0.2069885111740635,650,3,0,5,0,1,0
301.0,2025-05-02 06:00:00,0.959647300100032,0.2691703317490719,600,6,4,5,0,0,1
423.0,2025-05-02 08:00:00,0.4232918501063349,0.3417767567530023,400,8,4,5,1,0,0
37.0,2025-05-03 02:00:00,0.6373793675521476,0.2044187261402451,400,2,5,5,1,0,0
27.0,2025-05-21 01:00:00,0.8243176116022931,0.2169736117770319,650,1,2,5,0,1,0
166.0,2025-05-18 21:00:00,0.3845982260043887,0.2314241669040159,400,21,6,5,1,0,0
544.0,2025-05-15 23:00:00,0.939868981759724,0.1859912110176025,600,23,3,5,0,0,1
69.0,2025-05-15 23:00:00,0.7075181466631357,0.260642100926116,650,23,3,5,0,1,0
734.0,2025-05-09 15:00:00,0.6217736999191944,0.7345163572672694,600,15,4,5,0,0,1
649.0,2025-05-09 12:00:00,0.2080382373414953,0.3304157894330187,400,12,4,5,1,0,0
793.0,2025-05-13 17:00:00,0.7232165246683153,0.403614460902339,600,17,1,5,0,0,1
33.0,2025-05-07 08:00:00,0.8853057529177901,0.2788461941157994,650,8,2,5,0,1,0
135.0,2025-05-09 18:00:00,0.6128897182649856,0.3007958833841397,650,18,4,5,0,1,0
108.0,2025-05-08 13:00:00,0.5373519082066177,0.2996002291758944,650,13,3,5,0,1,0
652.0,2025-05-08 22:00:00,0.8828670021122238,0.1954917333164733,600,22,3,5,0,0,1
641.0,2025-05-13 12:00:00,0.2028013609589891,0.309748754500925,400,12,1,5,1,0,0
523.0,2025-05-15 19:00:00,0.374361260763227,0.2819146756008047,400,19,3,5,1,0,0
32.0,2025-05-12 00:00:00,0.7560846784416463,0.2377668722245759,650,0,0,5,0,1,0
141.0,2025-05-06 04:00:00,0.961202237411675,0.1377543752543752,600,4,1,5,0,0,1
602.0,2025-05-19 09:00:00,0.7873836705947903,0.3076271159581515,600,9,0,5,0,0,1
409.0,2025-05-20 08:00:00,0.4412856985698221,0.3685505083931538,400,8,1,5,1,0,0
19.0,2025-05-13 01:00:00,0.6755610086114965,0.187140173490248,400,1,1,5,1,0,0
772.0,2025-05-06 12:00:00,0.6658459004488492,0.4387894316632515,600,12,1,5,0,0,1
14.0,2025-05-19 03:00:00,0.4860364465368665,0.2022441954149271,400,3,0,5,1,0,0
672.0,2025-05-20 08:00:00,0.8320438638493668,0.302881634949867,600,8,1,5,0,0,1
56.0,2025-05-01 22:00:00,0.6265063383750085,0.2466908677753322,650,22,3,5,0,1,0
47.0,2025-05-03 09:00:00,0.8522744290433819,0.2674251827703547,650,9,5,5,0,1,0
472.0,2025-05-04 02:00:00,0.9819480871845888,0.2148048716605552,600,2,6,5,0,0,1
40.0,2025-05-20 08:00:00,0.8412861681094601,0.2764258425001206,650,8,1,5,0,1,0
844.0,2025-05-09 20:00:00,0.758480920778944,0.320731473497,600,20,4,5,0,0,1
22.0,2025-05-20 02:00:00,0.5630960330182231,0.2336965215773809,400,2,1,5,1,0,0
17.0,2025-05-13 05:00:00,0.8490314832598297,0.2734860075221521,650,5,1,5,0,1,0
717.0,2025-05-04 13:00:00,0.742349386049659,0.3174006920776511,600,13,6,5,0,0,1
120.0,2025-05-11 07:00:00,0.4005587383564636,0.3004177405553088,400,7,6,5,1,0,0
783.0,2025-05-15 17:00:00,0.7170744748593527,0.8218648793281832,600,17,3,5,0,0,1
71.0,2025-05-13 23:00:00,0.7419373030366284,0.2459483849259758,650,23,1,5,0,1,0
782.0,2025-05-06 09:00:00,0.8083584187250202,0.3907949456329044,600,9,1,5,0,0,1
131.0,2025-05-06 06:00:00,0.5661413005436431,0.3472246356704762,400,6,1,5,1,0,0
656.0,2025-05-10 16:00:00,0.3013605822211611,0.3401346808458153,400,16,5,5,1,0,0
548.0,2025-05-01 14:00:00,0.3729484834391305,0.286215376222142,400,14,3,5,1,0,0
103.0,2025-05-19 14:00:00,0.4612933618019236,0.2874868666801729,650,14,0,5,0,1,0
539.0,2025-05-03 08:00:00,0.8210491204901766,0.2780022617269305,600,8,5,5,0,0,1
670.0,2025-05-14 15:00:00,0.3061223157661257,0.3093921918820568,400,15,2,5,1,0,0
342.0,2025-05-11 05:00:00,0.97791135925183,0.2268148596538427,600,5,6,5,0,0,1
108.0,2025-05-17 20:00:00,0.511402219064651,0.3059531284117281,650,20,5,5,0,1,0
72.0,2025-05-05 10:00:00,0.7796232589222519,0.2940938609678494,650,10,0,5,0,1,0
642.0,2025-05-15 11:00:00,0.2204555724550518,0.354038643967609,400,11,3,5,1,0,0
750.0,2025-05-02 12:00:00,0.6550589443418924,0.393964857953879,600,12,4,5,0,0,1
